center,ecenter,sigma,esigma,amplitude,eamplitude,relative_power,noise_on_block,value_on_line,base_on_line,snr_peak,snr_amplitude,area,earea,snr_area,ew,cluster_probability
0.7745662014649468,0.02390022105570207,0.009510833731267264,0.016882017038906922,0.002354497201847963,0.003904951906336628,1.3468171051055011,0.0031215692781531783,0.001822376943463333,-0.0002693143383725898,0.754267162457775,0.6029516517289963,5.6131507006419495e-05,0.0001363589035290979,0.4116453385417659,-208.42375992904962,0.0
0.8227314588197837,0.00043054489374740653,0.0004207797650188093,0.00023682346616519647,0.003218111110068891,0.00010233536076232316,0.8502290887703569,0.004834024769018066,0.0030098959723504,0.00024364272793102936,0.6657208566025997,31.446716815149042,3.394265544721503e-06,1.9134089739808896e-06,1.7739362524571307,13.931323021807387,1.0
0.9142414850191544,173.06544957556707,0.0018825553024115701,577.6525070290579,0.049600368169065004,125243.88883138343,0.38959918515609904,0.003669081200813736,0.002172743998813748,0.0009544080922687971,13.518471097904438,3.960302465203892e-07,0.000234057508279847,595.3569195386698,3.9313813377900015e-07,245.2383945356654,1.0
0.9870317675954274,0.010846027705767645,0.012037864718075466,0.016313515455234177,0.0012803717649040622,0.0008010780388686278,0.3553124261479953,0.0026925256038215916,0.0021879698205081424,0.001040761471695363,0.47552816696962424,1.5983109045310326,3.863451644997232e-05,5.766741387568007e-05,0.6699540321551607,37.12139380701525,0.0
1.197446608904073,0.0008796885887233649,0.003741327109971783,0.0007609385192427367,0.006272155223159901,0.0011413961312958458,0.7307070627720837,0.004410844214331553,0.007427149116795799,0.0011556425948179385,1.4219852069997494,5.495160751981015,5.8821001250473085e-05,1.6053123677037982e-05,3.664146768806702,50.898955710212306,1.0
1.290483799086567,245.10488238737565,0.0013141795647527714,332.8617936050017,0.0350011542379658,30880.63609615674,0.8364400778876703,0.005504967587812958,0.0118444022612412,0.0010549048317133334,6.358103600001619,1.1334337197258018e-06,0.00011529939016744369,105.83466824937909,1.0894293153143617e-06,109.29838095459202,1.0
1.4110222434404314,97.99049376894787,0.002416746587943951,115.82855154248261,0.008286092657899239,353.90409194684446,0.8612082111542292,0.004148394465611018,0.007427149116796099,0.0005538484656185507,1.9974215872160985,2.341338471764206e-05,5.0196199154963e-05,3.222439166059445,1.5577082007833633e-05,90.63164795248234,0.11
1.5008018794410292,0.0033183647226722145,0.006566585412851773,0.003294120929995481,0.003159814400107169,0.0011714083184544922,0.538150724436986,0.0053860499953827775,0.0032050776005108,0.0009623652249430768,0.5866663701257765,2.6974491732106682,5.201050920495064e-05,3.244244793379117e-05,1.6031622925339708,54.04446031186031,0.0
1.529534542039534,20.95592087677727,0.001276403535455586,28.734344540408348,0.006390851485126774,532.7906445349182,0.42457873759491815,0.004530378501913978,0.0030098959723504,0.0012157686299894253,1.4106661247899686,1.1995051997779454e-05,2.0447332436108727e-05,1.7657030068374522,1.1580278425606756e-05,16.81844055828828,0.11
1.703847566650873,38.54913045244273,0.00140652110967558,52.19043756574036,0.33292029880161866,107000.88965228327,0.7582487940253526,0.005429890990384296,0.0132517594333362,0.0018220566026725467,61.3125197892889,3.1113787921156277e-06,0.0011737523223479742,379.7508873305561,3.090848136258008e-06,644.1909217454298,1.0
1.7201596708376468,58.95938593330138,0.0012539006799186922,231.53909280521313,0.07341865502017755,53672.2085153569,0.7817055655251576,0.005980265137690367,0.0146591166054312,0.0017960338852846163,12.276822737751141,1.3679082163941647e-06,0.00023075945060494,173.99349002581482,1.3262533590808656e-06,128.48279339026598,1.0
1.7520605889925576,0.0003206658336841953,0.0028093608599440802,0.00020175736554720793,0.031543618286921815,0.00194286086417281,0.8927726560481962,0.006498079798400542,0.0330318077692604,0.0018712828514858679,4.854298387453793,16.235654785476257,0.00022213089699874347,2.1016013918793876e-05,10.569601726429182,118.70514220892011,1.0
1.8275447637485769,0.005655679919987636,0.002951447756558574,0.002463616194913087,0.023192062649666164,0.007959951786323064,0.8713801882272864,0.006056370156018538,0.0249009800664171,0.0017114423831389154,3.829366774522356,2.913593357376259,0.00017157910966079007,0.00015485405926597822,1.10800524360866,100.25409639914429,0.16
1.9636550125697418,0.004676739922368155,0.009028088984633848,0.0017232384593103226,0.018480141705913666,0.0015262831921400634,0.9953127640468713,0.004128946329914952,0.01837269116383,4.3159719183157334e-05,4.475752463048925,12.10793763639755,0.00041820677317468044,8.697748936718343e-05,4.808218496732899,9689.747317398711,1.0
2.037138334665791,23.383722696696296,0.0015282591126957721,49.397840827179564,0.4432839108644067,152571.8525683429,0.7624292487362538,0.0033000282414859727,0.0051208096407606,0.0006902714502193254,134.32730826109537,2.9054108172793044e-06,0.0016981220331128309,587.0404830325729,2.8926830128316856e-06,2460.0786148308366,1.0
2.2225426947225393,0.04386603043221204,0.021975439720187468,0.0504379077940711,0.0003257251527690351,0.0005343839254229835,0.09822880849514673,0.0022658319985170055,0.0009653903088256773,0.000792695622554156,0.14375520911622014,0.6095339647636525,1.7942328531390926e-05,5.061987962028531e-05,0.35445221652010317,22.634575013267632,0.0
2.355655713323048,0.010179136960113714,0.010354737733824879,0.008609799197597452,0.0015371378234745638,0.001262110861395281,0.40526584697496865,0.0035252117050042424,0.002276011861343773,0.0009632497577202737,0.4360412798166157,1.2179103044682118,3.989714754426503e-05,4.662226518529145e-05,0.8557530910542698,41.41931749735368,0.0
2.4192472360437445,51.158051573986725,0.0034587213403768123,29.34671615944337,0.006552871608190575,140.32831606147664,0.6982178598508425,0.003787699240174109,0.005121053826047,0.0009100378814642978,1.7300401094912063,4.6696716615054496e-05,5.6811619087332684e-05,1.3086239039968484,4.341325182416163e-05,62.42775190404148,0.11
2.7069119884400945,78.30928427369606,0.0024279313251650537,66.79967578540513,0.13142392668800393,28909.856846306968,0.8313245291534053,0.0038320744300990367,0.010242107652094,0.0009433567361635826,34.29576567086861,4.545990227025023e-06,0.0007998356758800296,177.31395326507948,4.510844528316942e-06,847.8613076244936,1.0
2.747690944906798,0.0032576939601728127,0.004656416656423397,0.0020116436434370016,0.0031614877479226138,0.0009018646971552045,0.5565761065052967,0.003129530279648135,0.0044171478313336,0.0012583187428651217,1.0102115862186423,3.5055011665220377,3.6900586705656384e-05,1.9103456801092585e-05,1.9316182976656837,29.325309596546106,0.0
3.0329352765064295,10633.396056772006,0.005294459579368079,3898.1550102040433,0.0030565394432631753,489.47314982830017,0.5263453245376942,0.002849909946491783,0.004417147831334,0.001370726983524012,1.0725038687716262,6.244549766080863e-06,4.056407488024921e-05,30.56440796304771,1.3271670411313405e-06,29.593110347884693,0.0
3.165028196552685,14.142893823172452,0.0027219675478452193,683.1676943839518,0.0054732242540027525,1158.6257631721633,0.5476016275915603,0.003686941776682085,0.0051208096407606,0.001496926538193682,1.4844889302613724,4.7238931050676725e-06,3.734359463349914e-05,12.261276679501456,3.0456530432863157e-06,24.946845206285857,0.11
3.5859680340032236,0.004702140155013348,0.004250300248769884,0.0020490353110550565,0.008383705678561709,0.0030339874326760653,0.7001946664537394,0.003419793053388874,0.0095384122886256,0.001681964385676985,2.4515242728661026,2.763263152730674,8.931935290325359e-05,5.384243465626691e-05,1.6589025639994421,53.10418797440997,0.11
3.680320107556787,178.62276695688882,0.001877911385262202,523.9531898004154,0.023832691454209437,11591.495479733261,0.7076684228952884,0.005692157517440604,0.0146594661146727,0.002509518119184737,4.186934634395968,2.0560497561232593e-06,0.00011218585951397784,62.9042701080183,1.7834379020904926e-06,44.704144057116224,1.0
3.697744639237374,0.7501788418007703,0.0024326422465992138,0.4045824497870235,0.018122070953900286,0.5925767814310647,0.7861479196247346,0.005692157517440604,0.0204832385630444,0.0024524190473822643,3.1836910518331214,0.03058181069824527,0.00011050349277085053,0.01873012392818254,0.005899773711832196,45.058976722923035,0.16
3.7816233865580786,0.014221821941311644,0.003524010249014374,0.0073746784229311016,0.011888258462242075,0.010682764931643282,0.7077397260055017,0.00460735823211839,0.0139551053034287,0.0023882579045824744,2.5802765626878643,1.1128447118618154,0.00010501354888160025,0.00023916476525044612,0.43908453141763265,43.970774127913614,0.16
3.91152998379432,6202.324174325491,0.0038339270263419395,2519.039197596124,0.008715476543722987,3200.6827387174817,0.7009113884179311,0.0037826869779083445,0.010242107652094,0.0018009743354050576,2.3040438171657156,2.723005450773072e-06,8.375773316081139e-05,63.04494551454,1.3285400197783408e-06,46.50689991202646,0.11
4.0076718658420045,0.0009411853228080466,0.003005046278780352,0.00042963898600725017,0.01866336124927382,0.0011478171463440293,0.8343017678577755,0.00431977711124776,0.0204832385630425,0.0018503151869102594,4.320445423139654,16.25987319384402,0.00014058240258522947,2.188011482336697e-05,6.425121793012431,75.97754349083648,1.0
4.069963003350913,376.0835386327321,0.0029274036043275137,185.4228379529367,0.019438582399377548,3088.9444345615652,0.8362645714648641,0.0040924674563605976,0.0146601651831569,0.0013072127328281377,4.749844099350308,6.292953081927677e-06,0.0001426386196060628,24.400680355209115,5.845682068271181e-06,109.11660820306273,1.0
4.331458618018709,0.057946917873690856,0.006411206491747791,0.021229819360647096,0.011575191447855914,0.06511549351553193,0.6453512376403884,0.004183465263010032,0.0095379574720946,0.0020558679116855372,2.76689077598017,0.17776401318520138,0.0001860192468921648,0.0012142745576995395,0.15319372847981014,90.48210044761768,0.11
4.464716792306462,254.9754701404821,0.002412933049814332,318.18151897480743,0.005071835894254088,1507.9649678753224,0.4187598406250262,0.0036257471299588166,0.0044175691139121,0.0018097978969358617,1.3988388358213213,3.363364535848703e-06,3.0676117959134135e-05,9.977444958756202,3.074546448107718e-06,16.950024094442455,0.11
4.6145478760583725,274.00068725800116,0.0025581675846739183,288.51373772123065,0.01688145183268593,4621.644087995352,0.734654919367693,0.0037922917839442816,0.0102416192815212,0.0015666304944681577,4.451517128549611,3.6526940437787577e-06,0.0001082502030548281,32.05192381017837,3.3773387112711244e-06,69.09746965673425,1.0
4.7618157842162745,0.02595713246559305,0.008705728218286062,0.025079723612645242,0.00038217212428981446,0.0010136633418803833,0.08614575099276256,0.0030331768899866164,0.0021881282694436906,0.001841033134435467,0.1259973084825596,0.37702076073982405,8.339769460695692e-06,3.2657698987747466e-05,0.2553691692677004,4.529939904233713,0.0
4.864535469755861,516.0471239968093,0.0034674142680160107,1535.8921235276223,0.003763020988847379,3143.029811290028,0.3056481576159274,0.004197908823302799,0.003840607230570468,0.002042458905077127,0.8964036969928131,1.1972590827265749e-06,3.2706367082585765e-05,30.921490182290686,1.0577228616658751e-06,16.013231405187422,0.0
4.837929592788869,0.07955470856685282,0.0027430018124318537,0.026037709261167868,0.01352426957594827,0.05832262160062557,0.7693183760544159,0.004197908823302799,0.0153624289222819,0.0020029351978151887,3.2216682508382224,0.23188720268025828,9.298862963663417e-05,0.0009695065989773092,0.09591335400370031,46.42617980754775,0.16
4.934770474745471,891.5531114054327,0.0032011118071039444,220.63661443680232,0.041263617828457534,7731.547077542237,0.8756131176396984,0.004845456621838075,0.0307248578445638,0.002037610657712887,8.515939992628518,5.337045408197233e-06,0.00033109916076477585,66.10220192415647,5.008897602906909e-06,162.4938304633809,1.0
5.039782755020042,254.58258555038591,0.002128296644324956,262.3418869278765,0.007061436324373058,2497.2478127354043,0.4392362330583418,0.003666052855421175,0.0051208096407606,0.0019952002582939907,1.926168716834227,2.827687459915398e-06,3.7671693303990944e-05,14.10850746144797,2.6701402261671027e-06,18.88115899513885,0.11
5.208620790413586,0.0005307779154258039,0.0033871864511894954,0.0005164954144426283,0.013650897455955113,0.0017468578131774272,0.7258960772885528,0.0050904158565895094,0.015362428922284602,0.0024398352168396396,2.681686101987938,7.814544122011263,0.00011590181633007544,2.307206978652129e-05,5.023468522871117,47.50395253340307,1.0
5.396965718446205,0.0025315895004267425,0.004329335528186216,0.002099149205189279,0.016515189853952856,0.00486009637577543,0.7465303163114098,0.0060000909776172,0.0204832385630425,0.002972682438434463,2.7524899064966326,3.398119826650115,0.0001792234157721074,0.00010165244067209732,1.7630999766177047,60.29013171904558,0.16
5.454999585706271,0.8320123476675881,0.0029886472107343892,2405.6448934777222,0.0017078506481948393,3847.5657766380064,0.08969122548039311,0.0030745986083275134,0.002560649005666139,0.0021391208847214255,0.5554710925742132,4.438782199812462e-07,1.279423948482572e-05,30.608282937752364,4.179992556539413e-07,5.981073615898942,0.0
5.495752022470858,73.5681326536368,0.0018412348050346593,80.44695308420945,0.011610544835825645,16.769077942526412,0.6336205308628763,0.004035624669363654,0.0095379574720946,0.0021391208847214255,2.877013049297377,0.0006923782497534514,5.358604566963023e-05,2.342552255145134,2.287506951101515e-05,25.05049904022075,0.16
5.583215853659163,0.028226585941783455,0.014878633405581774,0.032027613297322746,0.000802026991127125,0.0009111518296275141,0.2361040269122525,0.0029391834281012486,0.0025604048087368,0.0015822963765875575,0.27287408586310824,0.8802341882526865,2.9911759591775332e-05,7.280477780192888e-05,0.410848854908295,18.904018257492446,0.0
5.718720961810605,1255.1621291947702,0.002870223239737845,852.782969489512,0.009480391842743047,2273.4072720368363,0.7323787283756257,0.004216085194524403,0.0102425960692448,0.0015822963765875575,2.2486243530030197,4.170124710760332e-06,6.820746339917012e-05,26.04249278377636,2.6190835096116906e-06,43.10662933215395,0.11
5.756395291834603,0.01034612728630796,0.010830381172032126,0.012056805111690454,0.0011705200209368265,0.0009942174840895557,0.16200066568968394,0.003379003565484371,0.0025604048087363497,0.0018464856248705346,0.34640982119503494,1.1773279384728563,3.17769728079073e-05,4.449626912203322e-05,0.714149150814361,17.209434170458447,0.0
5.8714905565421445,0.35723847273195364,0.003949884825742652,0.17064418236002613,0.008208091085036583,0.16655732311396976,0.6337917738097179,0.004615250460380191,0.0102416192815194,0.0022956200970799022,1.7784714297738078,0.049280877787763515,8.126743145017402e-05,0.003878934050141318,0.020950970137585418,35.40108032402602,0.11
5.927580103948107,0.11505582902792921,0.002656968655202153,0.05922320173062295,0.01115542829937874,0.015253241501245064,0.6145808931333415,0.005434808697296684,0.0146601651831569,0.003499550747466562,2.052588954037616,0.731348041560095,7.429551788038039e-05,0.0016591424300918642,0.04477946952165328,21.230015862511873,0.16
5.949999704228863,0.43332174476270047,0.0019286390135988874,1863.3916058575267,0.003755913469738916,6097.0973770932305,0.1881192128697639,0.0041100968925154155,0.0051212980346224,0.003499550747466562,0.9138260162621773,6.160166448792285e-07,1.815751702765377e-05,34.30133347678704,5.293530946819201e-07,5.188527996285976,0.11
5.97395978428562,0.0020903871247354754,0.003446825863444237,0.003266649612171947,0.01141305489087898,0.004882069352056267,0.5985212241245781,0.005522017672083447,0.0139551053034336,0.0035049134849638344,2.066826940554295,2.337749439399492,9.860778040173136e-05,0.00010253153742617423,0.9617312182871725,28.13415532930019,0.16
6.005125057229009,53.66724947206951,0.001757284726598671,377.4042289555861,0.005506686662216826,2387.721096227785,0.27504303140894093,0.00394952883927735,0.0051208096407606,0.0029115618394427493,1.3942641986694269,2.3062520454824076e-06,2.4256181510621078e-05,11.737000296527787,2.0666423189745426e-06,8.33098620198413,0.11
6.080724718964506,38.14304898719122,0.003387345329382827,87.7368329858752,0.0017597134069813401,97.61722406220149,0.1833762522865315,0.0030884974174635927,0.0025604048203803,0.0017668829977300602,0.5697635999406121,1.8026669206041493e-05,1.4941402009816097e-05,0.9147475308039144,1.63339079982922e-05,8.45636186946817,0.0
6.225777882120138,49.920188026670154,0.001395891814791449,44.78220812755596,0.08367703392949549,7777.436577565368,0.7777713003120572,0.007118832663089522,0.0446799631479925,0.005585178538285935,11.754319547831633,1.0758947770897745e-05,0.0002927844264355131,28.788552098686335,1.0170168525039273e-05,52.42167719948434,1.0
6.275116434876132,5.824762907713869,0.0013267483612239626,33.212140450555076,0.04436683191735895,3935.059935484188,0.3012881135367674,0.0074109511953110415,0.0190759149441893,0.0102425960692448,5.986658223499048,1.1274753788953369e-05,0.00014754921809697358,13.597936189960162,1.0850853838093048e-05,14.405451225399398,1.0
6.289906889267009,33.795353190004434,0.001231488733765209,223.57557261717233,0.07417993369075467,55426.58717953411,0.2829744622090956,0.009362561390571076,0.0249003863943766,0.0139162652660185,7.923038428934671,1.3383456832814902e-06,0.00022898488603336956,176.07353607719915,1.3005071127382342e-06,16.454478385987468,1.0
6.305071198622078,26.629580502926757,0.0012352655823274195,230.8275978797645,0.07016956222369965,53661.81592241669,0.20950770224263798,0.01038550893534335,0.0293175342257106,0.019160923863230518,6.756487588672977,1.3076255623765989e-06,0.00021726963874247498,171.04423409644195,1.270254094738845e-06,11.339204742596554,1.0
6.335214569507622,145.95737897983125,0.0012307541549234798,418.6555076537603,0.03715236487750224,51763.911677771655,0.12739482740778102,0.010792343402968151,0.0293175342257106,0.02269181247870955,3.4424743070429407,7.177271514713623e-07,0.00011461664928622797,164.38437327796746,6.972478405378336e-07,5.0510134170096075,0.0
6.357513615559242,0.002245901517656583,0.0026679114530245647,0.001233497822606461,0.04991908036584585,0.019237406922441247,0.48249911407043955,0.014417500946667482,0.0768121446114097,0.026813070246911007,3.4623948040998287,2.5948965246253195,0.000333831967116854,0.00020093111145803535,1.6614249764232012,12.4503447028903,0.0
6.381453015729372,0.0021053983003013555,0.004535302219438922,0.0020950395549829554,0.029394340171588228,0.011770394703512075,0.28891333682931164,0.014065549949813341,0.0505044345981798,0.027863029148326543,2.0898109406648766,2.497311340189593,0.00033416417052863464,0.0002042871285761649,1.6357573424115526,11.993102715061568,0.0
6.4163093468898,0.0024991382894463793,0.005961398112656418,0.002615387514068201,0.040696744210741986,0.014765968256674781,0.51408380858742,0.014972030193932142,0.0849427784646511,0.027260757406853044,2.7181847540780106,2.7561175470051213,0.0006081318176781219,0.0003462191795773495,1.7564937286851203,22.3079575010357,0.0
6.39959418502355,67.45965969071251,0.001207374359789706,100.32796144841664,0.19052994013353694,66092.60306550172,0.43515357923822995,0.014972030193932142,0.0702840113517958,0.027662316300610692,12.725725079739341,2.8827725236470164e-06,0.0005766271859127671,205.68415462662554,2.803459444698145e-06,20.84522422657849,1.0
6.46025382230885,93.81129078728814,0.001235404490088959,228.3226569345881,0.05235469955987664,39218.14626082672,0.16256774271705998,0.012268591080042872,0.0358456674853245,0.02582070457751785,4.267376687209114,1.3349610971330241e-06,0.0001621267889892419,125.0885750919831,1.296095897407281e-06,6.278945196964381,1.0
6.495451446566561,19.357610069785906,0.0012927741978045874,27.70797607072637,0.12887714965618616,9993.532629757077,0.4836842996973986,0.013016467134986939,0.0563289060483671,0.019602214958784527,9.901085165403867,1.2896055322062715e-05,0.00041762696496964097,33.5983496320902,1.2429984494558635e-05,21.305090564905054,1.0
6.514836605657746,5.973116345857883,0.0013458417570480635,24.601429273865747,0.00876724124980959,550.604030235089,0.06748117470694824,0.007617653138657668,0.015363894103867199,0.0134214268327479,1.1509110601686565,1.592295146489625e-05,2.9576507549500698e-05,1.9345586633439813,1.5288503838067245e-05,2.203678335997396,0.11
6.540026228734188,0.9169146490246778,0.0012810715644555096,22.358952694188666,0.10232484205080059,6800.907454410447,0.6316270429847896,0.007464392231755037,0.0204832385630425,0.004624507292372881,13.708395656847983,1.504576304511276e-05,0.00032858248405453106,22.579301810198597,1.4552375747336759e-05,71.05243073061132,1.0
6.623380094401237,0.013493363440742007,0.002869464156530932,0.011865826282606651,0.009498553528455057,0.017649590977231552,0.4220240088026093,0.0065467171914193835,0.0153624289222819,0.006243998011701537,1.450888017723535,0.5381741446987892,6.832005587717173e-05,0.0003097287711040393,0.2205802697425959,10.941716469021422,0.11
6.678695528047932,17.479493204528055,0.0019440173273870768,13.025505693467979,0.007528191636059084,60.704373233282524,0.4371533784243709,0.004818134930044253,0.0102425960692448,0.00401140941550633,1.5624700730392247,0.0001240139916629859,3.6684341829256676e-05,0.38460135877842005,9.538276709623271e-05,9.145000679175572,0.11
6.730734148267279,0.00023810840090950417,0.0032980697771905626,0.00033842810421446106,0.019434215254178273,0.0015154340451366394,0.7390227653944699,0.006087620193126338,0.0197795767536159,0.002968344834551712,3.1924158599976162,12.824190743600447,0.00016066333683340269,2.0706345471173924e-05,7.759135336415019,54.12556350032914,1.0
6.924575556449886,0.008716397708072993,0.009585012364968894,0.01022736574816284,0.006882450840975857,0.005770882026750041,0.23063234431945792,0.005341389330449629,0.003413764554971854,0.002134219895021897,1.2885132341394976,1.1926167974103972,0.00016535819754593062,0.0002243998726849676,0.7368907814759552,77.47945651318842,0.0
6.964208478398408,344.56085287077286,0.0019230763637209415,418.5620210704501,0.011346625784665382,3755.004773722727,0.6691239561638409,0.004494408598513088,0.0095379574720946,0.001890741321511782,2.5246093086461374,3.0217340505312572e-06,5.469570142457684e-05,21.664679355869,2.5246485547343065e-06,28.928177959766458,0.16
7.103900470585912,92.37932593345961,0.0032897446633766247,267.91777693903975,0.00515913894477111,661.5573087521402,0.4726307779935483,0.0034615139242165816,0.004417147831334,0.0015818410494394153,1.4904284823695284,7.79847622650034e-06,4.254312126080261e-05,6.4625648433381135,6.583008804106293e-06,26.894687854939257,0.11
7.4704028687293,0.015343073150485253,0.018458295983438042,0.021332511079422252,0.0005767652813776703,0.0004672353812387856,0.28276629573372664,0.0018446468941251287,0.0011380059295220178,0.0006362937746514416,0.3126697489988815,1.2344212457722852,2.668582599449575e-05,3.766324786136526e-05,0.7085375667208434,41.939473648180986,0.0
7.995039554806703,0.0014423753345960855,0.004540842336341053,0.006060375511586166,0.003591743335556926,0.0015902224934730847,0.5409767918287883,0.003384934514907912,0.004417147831334,0.001315771515351101,1.061096845371214,2.2586420141199683,4.088195460996605e-05,5.748644931716201e-05,0.7111581093557148,31.070709566969985,0.0
8.091133032240673,0.0016631818829994042,0.004104603808119615,0.0007357752395566752,0.009463921333940715,0.001624260141520143,0.7765173700503395,0.0035768699822153354,0.0102416192815212,0.0012883769393781126,2.6458667441077166,5.826604428699114,9.737159848775461e-05,2.416472322565374e-05,4.029493637418658,75.57694919217893,1.0
8.24546627669766,213.32932716298092,0.004475771994754411,234.75351531607006,0.0032533935745036524,443.934984847682,0.43134991371449016,0.00243091413207899,0.0025604048203803,0.001017203695675434,1.3383416269505388,7.32853612701851e-06,3.650013689705951e-05,5.335813074784571,6.840595123084062e-06,35.88281978549344,0.0
8.383198229049091,18.44146298896103,0.00562021313786538,35.44274220978924,0.0005408342064929835,11.247876704631864,0.05781696139038443,0.0027660826476539166,0.0005550858633147411,0.0004944073544630143,0.19552351660630893,4.808322678984102e-05,7.6191561086989465e-06,0.1655823310948804,4.601430634729433e-05,15.410685217201642,0.0
8.649754719096707,1.906463544672036,0.004549263815350608,4.314681435753982,0.0035750755597442818,6.23450512612469,0.5604868536108063,0.0023812466475406427,0.0025604048203803,0.0007211413386992029,1.5013461807648647,0.0005734337349027918,4.076770670865843e-05,0.08092825045394976,0.000503751242365684,56.53220044519338,0.0
8.901171981949759,4.260376309054305,0.0065447039985344,4.287059794469891,0.0011348435494169574,1.732438137157368,0.2938682575645447,0.0022164431251765104,0.0013517750403546668,0.000737734509712077,0.5120111301419396,0.0006550557420070651,1.8617267410479913e-05,0.0309268094387807,0.0006019782754290449,25.235727982612417,0.0
9.085045004703423,15.778743382579956,0.006280194371789407,41.12991177214002,0.002121614920410758,26.45984200762199,0.4326543754911342,0.0020937871062020903,0.0017069365469202,0.0006759641388576072,1.0132906607965242,8.018244854975356e-05,3.3398701358153217e-05,0.47047267511928115,7.098967299149837e-05,49.40898405438739,0.0
