center,sigma,amplitude,ecenter,esigma,eamplitude,base_on_line,value_on_line,noise_on_block,snr,relative_power,area,earea,ew,cluster_probability
1.7230984623364523,0.10622402610592427,0.004762147161586234,0.05707615049555107,0.05199442550347593,0.000987660575096449,0.0008479051652464701,0.0052332736608831,0.0014386864062001946,3.3100661416297394,0.7211378946452958,0.001267989053212352,0.000674069048084729,1056.8401803813324,0.13
2.020009271710521,0.042951062678783854,0.0008134815290650376,0.09064958878667036,0.09663207559819977,0.0013535268432750712,0.0010425832158175849,0.001568510105911,0.0009239583267853912,0.8804309734350019,0.2014201812385791,8.75813315844772e-05,0.0002450735031676794,inf,0.31
2.3978624187367616,0.08158095966562448,0.0006372382592931235,0.3112160624689365,0.27956591236447276,0.0016136971628801418,0.0005422626726979244,0.0011922731093672,0.000567079295259847,1.123719847682198,0.3747460521658298,0.00013031085267892393,0.0005552528436533622,240.53980089948664,0.31
3.1705003608045437,0.02517329587840272,0.0018163137880411228,0.08176606710775818,0.03675214085269877,0.0027050878855558735,0.0007802018731614853,0.0024725060419905,0.0007772802411991555,2.3367553834109946,0.5202754790695495,0.00011460957296472462,0.00023902618001846757,97.94670327059035,0.76
3.6969436770785613,0.026662939303401557,0.005977700196493769,0.009612835301954347,0.0072202530647496885,0.0015108464423272047,0.0016120417528954322,0.007593437772483401,0.001300103677165123,4.59786423304959,0.6497647409999335,0.0003995140784593373,0.0001479887192037663,244.47942892087306,1.0
4.317099821005494,0.14110114851728872,0.0006602534963806084,0.28752672505030125,0.29647554350906336,0.0007502780620922244,0.0009431783680308828,0.0012802329326232,0.0007829166548471766,0.8433253939520398,0.15159343864680483,0.00023352382344161483,0.0005578309334205985,inf,0.31
4.491370292562978,0.014836450388763054,0.0007807696957548636,94.72213627563427,61.83270788764848,3.999123786004297,0.00190445886900085,0.0028487430385343,0.0010891237399051432,0.7168787780008031,0.19866275153102508,2.9036408085050535e-05,0.19173756885364995,29.749108617280744,0.76
4.723716610003723,0.013104717131334391,0.0021093843624623034,8.454241502659054,14.904737460407073,5.395013017107202,0.0015782935792658,0.0025604353424495,0.001035311573704375,2.037439178734248,0.2373051682680997,6.929043811428854e-05,0.19395163530467957,36.32026575760316,0.76
4.840229077438822,0.013115297970426891,0.009177582512335037,0.42447951580396714,12.158985552668435,19.783056700465593,0.0020863723285838966,0.0050329719072369,0.0013401092519027978,6.848383815949295,0.41388637507191517,0.00030171464698185136,0.7079713866455294,113.76848428126418,1.0
5.003625185734364,0.013188315077407177,0.001082045636814572,5.040912810495506,9.169169649836352,1.673244708943456,0.001331787461228352,0.0018323895756789,0.0009384799684446229,1.1529768063221273,0.15820926219092005,3.577048482323014e-05,0.06064798096271264,20.732879442543442,0.76
5.379400028640195,0.026212340143423236,0.004490188008064927,0.012894623520264848,0.00919141113578647,0.001490464575520984,0.0023781878378233722,0.0068653614829158,0.00149768548537144,2.998084746044874,0.4854383840441937,0.00029502597532877394,0.00014245196733438095,123.35610237785251,0.76
5.716843924838007,0.012471977058459425,0.005867784957628587,2.517431851583585,4.9742463626216535,5.86824837312131,0.00212361267051692,0.0044808152641813,0.0012871370121614002,4.558788149348002,0.3569124558510439,0.0001834422746615809,0.19750748327792264,64.67670296105335,1.0
5.954563530671195,0.04655255816335647,0.0030184435026727944,0.023013291855283148,0.024209986505532848,0.001290083756308728,0.003137751236022014,0.0043928554409254,0.0015709732195409401,1.9213844419033603,0.16666707726822236,0.0003522220472084012,0.00023709813153922714,125.19722759292873,0.31
6.118426999076441,0.011512301242906314,0.002868149966154,27.948637463828113,102.28040315469867,76.43138741632266,0.002378446792854525,0.003200582331558,0.0013145342107167002,2.1818754831722864,0.14736175782019176,8.276637509308681e-05,2.3249345668250974,21.658335567354747,0.76
6.403426307545906,0.06919257684345882,0.03851229142358867,0.0021631967496772396,0.0021633865105593177,0.001042735217850017,0.006514922896564982,0.0441044740557655,0.003429644317040618,11.229237746968547,0.7425918407246044,0.006679574501511696,0.0002762672074623682,980.774325757915,1.0
6.723513589180582,0.012281418715251515,0.00491967737715218,3.9295236723551334,6.867425303317866,7.070244403683839,0.0043146605693155,0.0063131295814192,0.0017609039502473,2.7938363000783,0.18804182090154892,0.00015145202898012833,0.23355221760600525,24.892703806328267,0.76
6.957686997240623,0.01296325592378799,0.0032065817734829465,2.2137852021705875,6.203440893941711,3.6036574098853515,0.002488557117244186,0.0037527389746137,0.0013512073680338002,2.3731233631067163,0.20255117507062495,0.00010419487282317176,0.12727129516664953,33.52702282670913,0.76
7.118586312710996,0.013388397570264226,0.0023028716598523873,1.3752595439894137,6.512492824269597,2.48722713099693,0.0015939349538054124,0.0024725060419905,0.00103844189935815,2.217622055962657,0.21605406031795313,7.72837647199836e-05,0.09154555497845958,42.08397021749402,0.76
7.437606636913565,0.026699106874301853,0.0019403429548396822,257.50069306532686,65.72753375497688,12.335545429742755,0.0005553842880365547,0.0019203493989348,0.0006202147082316715,3.1285019995283596,0.5513376168371531,0.0001298569403873024,0.8852871878363805,147.00182690714698,0.76
7.722574903871154,0.015073966663779666,0.0022789265104179875,0.359270954884525,3.567991195217571,1.291129177016693,0.00044977111629249117,0.0011922731093672,0.0006935238758631065,3.2860101717216454,0.4521814829782729,8.610885317213698e-05,0.05287160293145661,185.04875296620054,0.76
7.972412282945989,0.021077764676838535,0.0015556444035115637,0.09990203136139718,0.08243289825545355,0.003708624351030979,0.0008385768209963417,0.0022965863954786,0.0009119014386515245,1.7059348056430035,0.4650506126190102,8.219110450028859e-05,0.00037645363607414356,113.36286736515721,0.76
8.210373777390638,0.01740563735825823,0.002492066306744751,0.09196612960458109,2.79103621860929,1.1944500761732522,0.000618332177251412,0.0011930957763824478,0.0007071493119756092,3.5241020029878873,0.3172986250863674,0.00010872751407618733,0.05495231278909303,100.01595912109197,0.76
8.664817953365214,0.04614895261573385,0.0007326093232267722,0.19091451185278194,0.11469079741343699,0.001558515763512356,0.0005515250033010318,0.0012802329326232,0.0005848832684876912,1.2525735692885356,0.39781890119367286,8.474697870934349e-05,0.00027724033526056204,175.0051935389976,0.31
9.02137471402026,0.03937383658545744,0.0007996232234804486,0.0957947905243372,0.08106740863395012,0.0014911628538090194,0.0004800310213916388,0.0012802329326232,0.0005848832684876912,1.367150107658237,0.4545919999136764,7.891927147850842e-05,0.00021922988822448115,169.9214930171642,0.31
9.330156809894484,0.028997120554751652,0.0020079934375204543,0.03957891657984672,2.5555790083050365,0.5333965396092578,0.00010820797051451188,0.0005532434929512854,0.0005269942255888944,3.810275976509238,0.6728165965571042,0.00014595100755513126,0.040848054790920824,622.2502910389564,0.76
100000000.0,0.0,0.0,0.0,0.0,0.0,0.0,0.0,0.0,0.0,0.0,0.0,0.0,0.0,0.0
